-- AULA 06
-- EXERCICIOS AULA ANTERIOR

-- 1) Monte as seguinte tabelas:
-- produtos: produto_id, nome_produto, segmento_produto e valor_unitario
-- clientes: cliente_id, nome, idade, sexo (F ou M) e cidade
-- pedidos: pedido_id, cliente_id, produto_id e quantidade

CREATE TABLE produtos(
	produto_id integer PRIMARY KEY,
	nome_produto varchar(40),
	segmento_produto varchar(40),
	valor_unitario numeric(8,2));

CREATE TABLE clientes(
	cliente_id integer PRIMARY KEY,
	nome varchar(40),
	idade integer,
	sexo varchar(2),
	cidade varchar(40));

CREATE TABLE pedidos(
	pedido_id integer,
	cliente_id integer REFERENCES "clientes" (cliente_id),
	produto_id integer REFERENCES "produtos" (produto_id),
	quantidade integer NOT NULL);
	
-- 2) Preencha as tabelas com os seguintes INSERTS
INSERT INTO produtos (produto_id, nome_produto, segmento_produto, valor_unitario)
	VALUES  (1,'Pasta de Dente','Higiene',5.20),
			(2,'Sabonete','Higiene',2.30),
			(3,'Shampoo','Higiene',12.20),
			(4,'Condicionador','Higiene',14.70),
			(5,'Cotonete','Higiene',8.80),
			(6,'Desinfetante','Limpeza',6.70),
			(7,'Detergente','Limpeza',1.80),
			(8,'Sabão Líquido','Limpeza',23.50),
			(9,'Amaciante','Limpeza',18.60),
			(10,'Água Sanitária','Limpeza',9.60),
			(11,'Arroz','Mantimentos',22.70),
			(12,'Feijão','Mantimentos',9.80),
			(13,'Óleo','Mantimentos',11.20),
			(14,'Macarrão','Mantimentos',4.70),
			(15,'Molho de Tomate','Mantimentos',2.50),
			(16,'Farofa','Mantimentos',5.10),
			(17,'Tapioca','Mantimentos',10.90),
			(18,'Carne Moída','Açougue',29.90),
			(19,'Peito de Frango','Açougue',15.50),
			(20,'Salsicha','Açougue',10.20),
			(21,'Nuggets','Açougue',9.50),
			(22,'Carne de Soja','Açougue',31.70),
			(23,'Patinho','Açougue',42.90),
			(24,'Picanha','Açougue',68.90),
			(25,'Alcatra','Açougue',57.90),
			(26,'Leite','Laticínios',7.60),
			(27,'Leite em Pó','Laticínios',15.40),
			(28,'Queijo','Laticínios',12.20),
			(29,'Queijo Ralado','Laticínios',11.80),
			(30,'Toddynho','Laticínios',3.20),
			(31,'Leite Condensado','Laticínios',7.50),
			(32,'Batata Frita','Congelados',23.00),
			(33,'Blueberry','Congelados',25.50),
			(34,'Lasanha','Congelados',27.90),
			(35,'Sorvete','Congelados',32.50),
			(36,'Açai','Congelados',41.90),
			(37,'Cebola Empanada','Congelados',25.70),
			(38,'Pão de Queijo','Congelados',29.90),
			(39,'Torta Holandesa','Congelados',39.90),
			(40,'Chocolate','Doces',10.50),
			(41,'Paçoca','Doces',24.90),
			(42,'Chicletes','Doces',10.30),
			(43,'Bala de Café','Doces',8.70),
			(44,'Pirulitos','Doces',12.10),
			(45,'Chocolate Branco','Doces',11.20),
			(46,'Bolacha Recheada','Doces',4.30),
			(47,'Pão de Mel','Doces',6.90),
			(48,'Suco','Bebidas',8.90),
			(49,'Refrigerante','Bebidas',9.90),
			(50,'Cerveja','Bebidas',2.20);

INSERT INTO clientes (cliente_id, nome, idade, sexo, cidade)
	VALUES  (1,'Fabiane',32,'F','São Paulo'),
			(2,'Paulo',28,'M','Campinas'),
			(3,'Gisele',30,'F','Campinas'),
			(4,'Karina',27,'F','Guarulhos'),
			(5,'Sandro',30,'M','São Paulo'),
			(6,'Amanda',29,'F','São Paulo'),
			(7,'Rafael',45,'M','Guarulhos'),
			(8,'Luiza',60,'F','Campinas'),
			(9,'João',70,'M','Guarulhos'),
			(10,'Wesley',30,'M','Campinas'),
			(11,'Vinicius',45,'M','São Paulo'),
			(12,'José',85,'M','São Paulo'),
			(13,'Leticia',20,'F','São Paulo'),
			(14,'Sara',18,'F','Campinas'),
			(15,'Jessica',45,'F','Guarulhos'),
			(16,'Guilherme',42,'M','Guarulhos'),
			(17,'Fabio',40,'M','São Paulo'),
			(18,'Lucas',33,'M','São Paulo'),
			(19,'Luana',38,'F','São Paulo'),
			(20,'Pedro',52,'M','Guarulhos'),
			(21,'Thomaz',65,'M','Campinas');

INSERT INTO pedidos(pedido_id, cliente_id, produto_id, quantidade)
	VALUES  (1,17,19,3),
			(1,17,46,2),
			(1,17,24,5),
			(1,17,38,3),
			(1,17,26,5),
			(2,2,26,3),
			(2,2,25,4),
			(2,2,1,2),
			(2,2,35,3),
			(3,7,41,3),
			(3,7,22,1),
			(3,7,15,3),
			(3,7,49,5),
			(3,7,20,3),
			(3,7,2,3),
			(3,7,4,3),
			(3,7,32,2),
			(4,10,31,5),
			(4,10,32,1),
			(4,10,39,1),
			(4,10,26,2),
			(4,10,38,5),
			(4,10,9,4),
			(4,10,28,5),
			(5,19,11,3),
			(5,19,27,5),
			(6,4,42,2),
			(6,4,32,4),
			(6,4,23,4),
			(6,4,14,2),
			(6,4,50,5),
			(7,3,44,4),
			(7,3,17,3),
			(7,3,31,2),
			(7,3,33,2),
			(7,3,15,2),
			(8,5,49,1),
			(8,5,48,1),
			(8,5,16,3),
			(9,12,43,3),
			(9,12,19,3),
			(9,12,2,2),
			(9,12,1,3),
			(9,12,9,1),
			(10,11,33,2),
			(11,12,16,2),
			(11,12,25,3),
			(11,12,22,1),
			(11,12,47,3),
			(11,12,3,2),
			(12,17,11,3),
			(12,17,34,1),
			(12,17,37,3),
			(12,17,3,4),
			(13,16,44,2),
			(13,16,49,2),
			(13,16,34,2),
			(13,16,10,3),
			(13,16,25,5),
			(13,16,19,4),
			(13,16,20,1),
			(14,20,32,5),
			(14,20,46,3),
			(14,20,13,4),
			(15,2,41,1),
			(15,2,26,4),
			(15,2,33,3),
			(15,2,34,3),
			(16,1,34,4),
			(16,1,6,4),
			(16,1,49,1),
			(16,1,15,3),
			(17,8,36,3),
			(17,8,48,4),
			(17,8,42,1),
			(18,9,45,2),
			(18,9,50,3),
			(19,19,1,1),
			(20,21,8,1),
			(21,20,37,4),
			(21,20,42,2),
			(21,20,45,2),
			(21,20,3,3),
			(21,20,33,5),
			(21,20,9,1),
			(22,13,35,4),
			(22,13,49,3),
			(22,13,30,4),
			(23,12,14,1),
			(23,12,29,2),
			(23,12,40,5),
			(23,12,43,5),
			(24,10,45,5),
			(24,10,31,5),
			(25,9,42,4),
			(25,9,46,1),
			(25,9,14,2),
			(25,9,38,3),
			(25,9,47,3);
		
-- 3) Monte a tabela com o total gasto em cada um dos pedidos

SELECT 
	A.pedido_id,
	sum(B.valor_unitario * A.quantidade) AS total_gasto
FROM pedidos A 
LEFT JOIN produtos B ON A.produto_id = B.produto_id  
GROUP BY 1
ORDER BY 1;
	
-- 4) Qual segmento que teve mais itens pedidos (em quantidade)

SELECT 
	B.segmento_produto,
	sum(A.quantidade) AS qtd_comprada
FROM pedidos A
LEFT JOIN produtos B ON A.produto_id = B.produto_id 
GROUP BY 1
ORDER BY 2 DESC;
			
-- 5) Faça um ranking das cidades onde teve mais pedidos de clientes em valor

SELECT
	B.cidade,
	sum(A.quantidade * C.valor_unitario) AS total
FROM pedidos A
LEFT JOIN clientes B ON B.cliente_id = A.cliente_id 
LEFT JOIN produtos C ON C.produto_id = A.produto_id 
GROUP BY 1
ORDER BY 2 DESC;
	
-- 6) Quantos pedidos teve por sexo
	
SELECT 
	A.sexo,
	count(DISTINCT B.pedido_id) AS pedidos_distintos
FROM clientes A
LEFT JOIN pedidos B ON A.cliente_id = B.cliente_id 
GROUP BY 1
ORDER BY 2 DESC;
		
-- 7) Quais os itens mais pedidos para clientes acima de 40 anos

SELECT
	C.nome_produto,
	sum(A.quantidade) AS total_qtd
FROM pedidos A
LEFT JOIN clientes B ON B.cliente_id = A.cliente_id 
LEFT JOIN produtos C ON C.produto_id = A.produto_id 
WHERE B.idade > 40
GROUP BY 1
ORDER BY 2 DESC;
		
-- 8) Quanto cada segmento vendeu? (valor total por segmento)
	
SELECT
	B.segmento_produto,
	sum(A.quantidade * B.valor_unitario) AS total_seg
FROM pedidos A
LEFT JOIN produtos B ON B.produto_id = A.produto_id 
GROUP BY 1
ORDER BY 2 DESC;
				
-- 9) Faça um ranking dos clientes que mais pediram no mercado

SELECT
	B.nome,
	count(DISTINCT A.pedido_id) AS num_pedidos
FROM pedidos A
LEFT JOIN clientes B ON B.cliente_id = A.cliente_id
GROUP BY 1
ORDER BY 2 DESC;
		
-- 10) Monte um ranking com o nome do produto, a quantidade de itens vendidos e o total vendido
-- ordenar pelo valor!

SELECT
	C.nome_produto,
	sum(A.quantidade) AS total_qtd,
	sum(A.quantidade * C.valor_unitario) AS total_vendido
FROM pedidos A
LEFT JOIN produtos C ON C.produto_id = A.produto_id 
GROUP BY 1
ORDER BY 3 DESC;

-- SUBQUERIES



-- Monte uma tabela com o saldo atual e as atualizacoes de saldo (entrada e saida)
-- tabela entradas
DROP TABLE tb_entrada;
DROP TABLE tb_saida;

CREATE TABLE tb_entrada AS
SELECT 
	A.cliente_id,
	SUM(A.valor) AS entrada
FROM transacoes A
LEFT JOIN tipo_transacao B ON A.tipo_transacao_id = B.tipo_transacao_id 
WHERE B.nome_transacao = 'PixIn'
GROUP BY 1
ORDER BY 1;

CREATE TABLE tb_saida AS
SELECT 
	A.cliente_id,
	-SUM(A.valor) AS saida
FROM transacoes A
LEFT JOIN tipo_transacao B ON A.tipo_transacao_id = B.tipo_transacao_id 
WHERE B.nome_transacao != 'PixIn'
GROUP BY 1
ORDER BY 1;

SELECT 
	A.cliente_id,
	A.saldo,
	B.entrada,
	C.saida
FROM saldo A
LEFT JOIN tb_entrada B ON A.cliente_id = B.cliente_id 
LEFT JOIN tb_saida C ON A.cliente_id = C.cliente_id 

--USANDO A SUBQUERIES
SELECT 
	A.cliente_id,
	A.saldo,
	B.entrada,
	C.saida
FROM saldo A
LEFT JOIN (SELECT 
				A.cliente_id,
				SUM(A.valor) AS entrada
			FROM transacoes A
			LEFT JOIN tipo_transacao B ON A.tipo_transacao_id = B.tipo_transacao_id 
			WHERE B.nome_transacao = 'PixIn'
			GROUP BY 1
			ORDER BY 1) B ON A.cliente_id = B.cliente_id 
LEFT JOIN (SELECT 
				A.cliente_id,
				-SUM(A.valor) AS saida
			FROM transacoes A
			LEFT JOIN tipo_transacao B ON A.tipo_transacao_id = B.tipo_transacao_id 
			WHERE B.nome_transacao != 'PixIn'
			GROUP BY 1
			ORDER BY 1) C ON A.cliente_id = C.cliente_id 

-- CASE WHEN
SELECT 
	A.cliente_id,
	A.saldo,
	CASE WHEN B.entrada IS NULL THEN 0 ELSE B.entrada END AS entrada,
	CASE WHEN C.saida IS NULL THEN 0 ELSE C.saida END AS saida
FROM saldo A
LEFT JOIN tb_entrada B ON A.cliente_id = B.cliente_id 
LEFT JOIN tb_saida C ON A.cliente_id = C.cliente_id 

SELECT 
	A.cliente_id,
	A.saldo,
	CASE WHEN B.entrada IS NULL THEN 0 ELSE B.entrada END AS entrada,
	CASE WHEN C.saida IS NULL THEN 0 ELSE C.saida END AS saida,
	A.saldo + (CASE WHEN B.entrada IS NULL THEN 0 ELSE B.entrada END) + (CASE WHEN C.saida IS NULL THEN 0 ELSE C.saida END) AS saldo_final
FROM saldo A
LEFT JOIN tb_entrada B ON A.cliente_id = B.cliente_id 
LEFT JOIN tb_saida C ON A.cliente_id = C.cliente_id 
      
SELECT 
	A.cliente_id,
	A.saldo,
	CASE WHEN B.entrada IS NULL THEN 0 ELSE B.entrada END AS entrada,
	CASE WHEN C.saida IS NULL THEN 0 ELSE C.saida END AS saida,
	A.saldo + (CASE WHEN B.entrada IS NULL THEN 0 ELSE B.entrada END) + (CASE WHEN C.saida IS NULL THEN 0 ELSE C.saida END) AS saldo_final
FROM saldo A
LEFT JOIN (SELECT 
				A.cliente_id,
				SUM(A.valor) AS entrada
			FROM transacoes A
			LEFT JOIN tipo_transacao B ON A.tipo_transacao_id = B.tipo_transacao_id 
			WHERE B.nome_transacao = 'PixIn'
			GROUP BY 1
			ORDER BY 1) B ON A.cliente_id = B.cliente_id 
LEFT JOIN (SELECT 
				A.cliente_id,
				-SUM(A.valor) AS saida
			FROM transacoes A
			LEFT JOIN tipo_transacao B ON A.tipo_transacao_id = B.tipo_transacao_id 
			WHERE B.nome_transacao != 'PixIn'
			GROUP BY 1
			ORDER BY 1) C ON A.cliente_id = C.cliente_id 	      
	      
SELECT 
	cliente_id,
	idade,
	CASE WHEN idade <= 30 THEN 'Faixa 1 - Até 30 anos'
		 WHEN idade <= 40 THEN 'Faixa 2 - 30 - 40 anos'
		 WHEN idade <= 50 THEN 'Faixa 3 - 40 - 50 anos'
		 WHEN idade <= 60 THEN 'Faixa 4 - 50 - 60 anos' ELSE 'Faixa 5 - > 60 anos' END AS fx_idade
FROM clientes;

SELECT
	fx_idade,
	count(*) AS qtd_clientes
FROM (SELECT 
		cliente_id,
		idade,
	  CASE WHEN idade <= 30 THEN 'Faixa 1 - Até 30 anos'
		   WHEN idade <= 40 THEN 'Faixa 2 - 30 - 40 anos'
		   WHEN idade <= 50 THEN 'Faixa 3 - 40 - 50 anos'
		   WHEN idade <= 60 THEN 'Faixa 4 - 50 - 60 anos' ELSE 'Faixa 5 - > 60 anos' END AS fx_idade
	  FROM clientes) A
GROUP BY 1
ORDER BY 1;

-- MANIPULANDO DATAS E TEXTOS

-- TEXTOS
-- MINUSCULAS
SELECT 
	('BOA NOITE TURMA COMO ESTAO'),
	lower('BOA NOITE TURMA COMO ESTAO'); 

-- MAIUSCULAS
SELECT 
	('boa noite turma como estao'),
	upper('boa noite turma como estao'); 

-- Função LIKE
-- Exemplo que dá false
SELECT 
	'SANDRO SAORIN' LIKE 'SANDRO';

-- Exemplo que da true
SELECT 
	'SANDRO SAORIN' LIKE 'SANDRO SAORIN';

-- %: valida trecho de palavras
-- % a direita = pode ter mais coisa a direita da palavra
SELECT 
	'SANDRO SAORIN' LIKE 'SANDRO%';

-- % a esquerda = pode ter mais coisa a esquerda da palavra
SELECT 
	'SANDRO SAORIN' LIKE '%SAORIN';

-- % em ambos os lados: valida se existe aquele trecho dentro da string
SELECT 
	'SANDRO SAORIN' LIKE '%AND%';

SELECT 
	'SANDRO SAORIN' LIKE '%E%';

-- CONCAT
SELECT concat('SANDRO', ' SAORIN ', ' DA ', 'SILVA') 

--SUBSTRING (SUBSTR)
-- COMO FUNCIONA SUBSTR(PALAVRA, POSIÇÃO DE INICIO NA PALAVRA, E O COMPRIMENTO QUE VAI PERCORRER)
SELECT substring('SANDRO SAORIN DA SILVA', 1, 6) 
		
SELECT substring('SANDRO SAORIN DA SILVA', -1, 6) 

SELECT substring('SANDRO SAORIN DA SILVA', 4, 12) 

SELECT substring('SANDRO SAORIN DA SILVA', 4, 30) 

-- DATAS
-- Customizando datas
SELECT
	data_pedido
FROM sales
LIMIT 10;
		
SELECT
	data_pedido,
	to_char(data_pedido, 'dd/mm/yyyy') AS nova_data_pedido
FROM sales
LIMIT 10;
		

SELECT
	data_pedido,
	to_char(data_pedido, 'dd mon YY') AS nova_data_pedido
FROM sales
LIMIT 10;

--EXTRAINDO INFORMAÇÕES DAS DATAS

SELECT
	data_pedido,
	EXTRACT(DAY FROM data_pedido) AS dia,
	EXTRACT(MONTH FROM data_pedido) AS mes,
	EXTRACT(YEAR FROM data_pedido) AS ano,
	EXTRACT(WEEK FROM data_pedido) AS semana,
	to_char(data_pedido, 'month') AS nome_mes,
	to_char(data_pedido, 'Month') AS nome_mes,
	to_char(data_pedido, 'MONTH') AS nome_mes
FROM sales
LIMIT 10;

-- Data de hoje
SELECT current_date AS hoje

SELECT current_time AS hora_hoje

SELECT current_timestamp AS time_stamp

SELECT EXTRACT(MONTH FROM current_date) AS mes_hoje


-- EXERCICIOS
-- 1) Usando a tabela sales, crie uma tabela onde teremos uma coluna categorica
--com as semanas e uma coluna númerica com o lucro total para cada semana.

SELECT 
	EXTRACT(WEEK FROM data_pedido) AS semana,
	SUM(total_venda - custo_garrafa*garrafas_vendidas) AS lucro_total
FROM sales
GROUP BY 1
ORDER BY 1		

-- 2) Usando a tabela sales, identifique todas as cidades que tem no nome
--as letras DE juntas, e calcule a quantidade de cidades

SELECT 
	count(cidade) AS qtde_cidades
FROM sales
WHERE cidade LIKE '%DE%'		

-- 3) Utilizando o exercicio sobre o mercado, categorize os pedidos de acordo
--com o valor total gasto (sugira uma separaçaõ entre 6 categorias)

SELECT 
    pedido_id,
	CASE WHEN valor_total <= 80 THEN 'Faixa 1 - Até R$80,00'
		 WHEN valor_total <= 160 THEN 'Faixa 2 - R$80,00 - R$160,00'
		 WHEN valor_total <= 240 THEN 'Faixa 3 - R$160,00 - R$240,00'
		 WHEN valor_total <= 320 THEN 'Faixa 4 - R$240,00 - R$320,00'
		 WHEN valor_total <= 400 THEN 'Faixa 5 - R$320,00 - R$400,00' ELSE 'Faixa 6 - acima de R$400,00' END AS fx_idade
FROM 	(SELECT 
			A.pedido_id,
			sum(A.quantidade * B.valor_unitario) AS valor_total
		FROM pedidos A
		LEFT JOIN produtos B ON B.produto_id = A.produto_id
		GROUP BY 1
		ORDER BY 1) tab
ORDER BY 2;

-- 4) Usando o exercicio sobre correntistas, monte uma tabela com saldo e saldo_atual (parecido com o que foi feito em aula),
--mas agora utilizando as 100 transações, usando subqueries
SELECT 
	A.cliente_id,
	A.saldo,
	CASE WHEN B.entrada IS NULL THEN 0 ELSE B.entrada END AS entrada,
	CASE WHEN C.saida IS NULL THEN 0 ELSE C.saida END AS saida,
	A.saldo + (CASE WHEN B.entrada IS NULL THEN 0 ELSE B.entrada END) + (CASE WHEN C.saida IS NULL THEN 0 ELSE C.saida END) AS saldo_final
FROM saldo A
LEFT JOIN (SELECT 
				A.cliente_id,
				SUM(A.valor) AS entrada
			FROM (	SELECT * FROM transacoes
					UNION ALL
					SELECT * FROM transacoes2) A
			LEFT JOIN tipo_transacao B ON A.tipo_transacao_id = B.tipo_transacao_id 
			WHERE B.nome_transacao = 'PixIn'
			GROUP BY 1
			ORDER BY 1) B ON A.cliente_id = B.cliente_id 
LEFT JOIN (SELECT 
				A.cliente_id,
				-SUM(A.valor) AS saida
			FROM (	SELECT * FROM transacoes
					UNION ALL
					SELECT * FROM transacoes2) A
			LEFT JOIN tipo_transacao B ON A.tipo_transacao_id = B.tipo_transacao_id 
			WHERE B.nome_transacao != 'PixIn'
			GROUP BY 1
			ORDER BY 1) C ON A.cliente_id = C.cliente_id 